Anio,Pagina,Tipo,SS/SN,Proyecto,codigo UCAP,Descripcion UCAP,Colocar,Quitar,Descripcion Normalizada,Fuente,Clave Consolidacion
2026,1,SS,567386,Cancha Arena Cincuentenario CR 53 con CL 73,,Cruceta 3600 mm,16,,CRUCETA 3600 MM,"Tabla 1 al 331_2026.pdf, pagina 1",SIN CODIGO|CRUCETA 3600 MM
2026,1,SS,567386,Cancha Arena Cincuentenario CR 53 con CL 73,,Cruceta 1500 mm,,12,CRUCETA 1500 MM,"Tabla 1 al 331_2026.pdf, pagina 1",SIN CODIGO|CRUCETA 1500 MM
2026,1,SS,567386,Cancha Arena Cincuentenario CR 53 con CL 73,,Punta captadora Franklin,4,,PUNTA CAPTADORA FRANKLIN,"Tabla 1 al 331_2026.pdf, pagina 1",SIN CODIGO|PUNTA CAPTADORA FRANKLIN
2026,15,SS,1224420,Zona Verde Recreacional San Pablo Cl 98 x Cr 34B,,UCAP CAJA CONCRETO DIRECTAMENTE ENT,2,,CAJA CONCRETO DIRECTAMENTE ENT,"Tabla 1 al 331_2026.pdf, pagina 15",SIN CODIGO|CAJA CONCRETO DIRECTAMENTE ENT
2026,15,SS,1224420,Zona Verde Recreacional San Pablo Cl 98 x Cr 34B,,"canal anden tuberia PVC 2""",20,,CANAL ANDEN TUBERIA PVC 2,"Tabla 1 al 331_2026.pdf, pagina 15",SIN CODIGO|CANAL ANDEN TUBERIA PVC 2
2026,15,SS,1224420,Zona Verde Recreacional San Pablo Cl 98 x Cr 34B,,"Tuberia 2"" IMC x 6m, incluye Capacete",1,,TUBERIA 2 IMC X 6M INCLUYE CAPACETE,"Tabla 1 al 331_2026.pdf, pagina 15",SIN CODIGO|TUBERIA 2 IMC X 6M INCLUYE CAPACETE
2026,158,SN,1074281,SENDERO PEATONAL CR 53 CL 67,,CONCERTINA ADOSADA AL BRAZO,10,,CONCERTINA ADOSADA AL BRAZO,"Tabla 1 al 331_2026.pdf, pagina 158",SIN CODIGO|CONCERTINA ADOSADA AL BRAZO
2026,232,SS,1293438,Vía M4 Cl 69 Entre Cr 27 y Cr 28,,RET LUMINARIA 53W,,2,RET LUMINARIA 53W,"Tabla 1 al 331_2026.pdf, pagina 232",SIN CODIGO|RET LUMINARIA 53W
2026,246,SN,1038221,SMAP 0163-25 CR 49 A CL 107 - 160,,PROYECTOR 110W TIPO V LARGA 5000K,4,,PROYECTOR 110W TIPO V LARGA 5000K,"Tabla 1 al 331_2026.pdf, pagina 246",SIN CODIGO|PROYECTOR 110W TIPO V LARGA 5000K
2026,267,SS,987641,"Sendero Peatonal, CL 27 CR 41-86",,LUM LED AMERICAN ELECTRIC 37 W,,11,LUM LED AMERICAN ELECTRIC 37 W,"Tabla 1 al 331_2026.pdf, pagina 267",SIN CODIGO|LUM LED AMERICAN ELECTRIC 37 W
2026,272,SS,1106390,Sendero peatonal-Parque lineal-El Tesoro CR 15 CL7A-49,,RET LUM 30W SCHEREDER,,11,RET LUM 30W SCHEREDER,"Tabla 1 al 331_2026.pdf, pagina 272",SIN CODIGO|RET LUM 30W SCHEREDER
2026,307,SS,1304980,Cancha de rugby - Unidad Deportiva René Higuita Castilla CR 69 - CL 101,,CRUCETA METALICA 1500MM,4,8,CRUCETA METALICA 1500MM,"Tabla 1 al 331_2026.pdf, pagina 307",SIN CODIGO|CRUCETA METALICA 1500MM
2026,307,SS,1304980,Cancha de rugby - Unidad Deportiva René Higuita Castilla CR 69 - CL 101,,CRUCETA METALICA 2400MM,12,8,CRUCETA METALICA 2400MM,"Tabla 1 al 331_2026.pdf, pagina 307",SIN CODIGO|CRUCETA METALICA 2400MM
2026,307,SS,1304980,Cancha de rugby - Unidad Deportiva René Higuita Castilla CR 69 - CL 101,,FOTOCONTROL IND. 105-305V LARGA VIDA,2,,FOTOCONTROL IND 105-305V LARGA VIDA,"Tabla 1 al 331_2026.pdf, pagina 307",SIN CODIGO|FOTOCONTROL IND 105-305V LARGA VIDA
2025,25,SS,1121165,SMAP-0068-25 AV LA PLAYA CL 52 entre CR 40 y CR 50.,,PROYECTOR LED 110W TIPO V LARGA 5000K,2,,PROYECTOR LED 110W TIPO V LARGA 5000K,"Tablas 1 al 392_2025.pdf, pagina 25",SIN CODIGO|PROYECTOR LED 110W TIPO V LARGA 5000K
2025,181,SN,646550,PLAZUELA SAN IGNACIO CARRERA 44 CON CALLES 48 Y 49,,Luminaria tipo Farol LED 49W poste metálico,26,,LUMINARIA TIPO FAROL LED 49W POSTE METALICO,"Tablas 1 al 392_2025.pdf, pagina 181",SIN CODIGO|LUMINARIA TIPO FAROL LED 49W POSTE METALICO
2025,181,SN,646550,PLAZUELA SAN IGNACIO CARRERA 44 CON CALLES 48 Y 49,,Luminaria tipo Farol sodio 150W poste metálico,,24,LUMINARIA TIPO FAROL SODIO 150W POSTE METALICO,"Tablas 1 al 392_2025.pdf, pagina 181",SIN CODIGO|LUMINARIA TIPO FAROL SODIO 150W POSTE METALICO
2025,181,SN,646550,PLAZUELA SAN IGNACIO CARRERA 44 CON CALLES 48 Y 49,,Poste metálico circular 4m colonial,26,24,POSTE METALICO CIRCULAR 4M COLONIAL,"Tablas 1 al 392_2025.pdf, pagina 181",SIN CODIGO|POSTE METALICO CIRCULAR 4M COLONIAL
2025,219,SS,1117307,Conexiones viales sobre las quebradas Hueso y Pelahueso Cr 86 - Cl 47DD y Cr 86 - Cl 47F,,UCAP CAJA CONCRETO 50X50 CM,13,,CAJA CONCRETO 50X50 CM,"Tablas 1 al 392_2025.pdf, pagina 219",SIN CODIGO|CAJA CONCRETO 50X50 CM
2025,219,SS,1117307,Conexiones viales sobre las quebradas Hueso y Pelahueso Cr 86 - Cl 47DD y Cr 86 - Cl 47F,,CAJA DE PASO METÁLICA,2,,CAJA DE PASO METALICA,"Tablas 1 al 392_2025.pdf, pagina 219",SIN CODIGO|CAJA DE PASO METALICA
2025,219,SS,1117307,Conexiones viales sobre las quebradas Hueso y Pelahueso Cr 86 - Cl 47DD y Cr 86 - Cl 47F,,"UCAP CANAL ANDEN TUBERIA PVC 2""",86,,CANAL ANDEN TUBERIA PVC 2,"Tablas 1 al 392_2025.pdf, pagina 219",SIN CODIGO|CANAL ANDEN TUBERIA PVC 2
2025,219,SS,1117307,Conexiones viales sobre las quebradas Hueso y Pelahueso Cr 86 - Cl 47DD y Cr 86 - Cl 47F,,"UCAP TUBERIA 1"" IMC",11,,TUBERIA 1 IMC,"Tablas 1 al 392_2025.pdf, pagina 219",SIN CODIGO|TUBERIA 1 IMC
2025,219,SS,1117307,Conexiones viales sobre las quebradas Hueso y Pelahueso Cr 86 - Cl 47DD y Cr 86 - Cl 47F,,Tuberia IMC 1 1/2,6,,TUBERIA IMC 1 1/2,"Tablas 1 al 392_2025.pdf, pagina 219",SIN CODIGO|TUBERIA IMC 1 1/2
2025,378,SS,1168902,Mejoramiento Urbano UNAULA Cr 55A Cl 49A,,Caja concreto 50x50 cm,10,,CAJA CONCRETO 50X50 CM,"Tablas 1 al 392_2025.pdf, pagina 378",SIN CODIGO|CAJA CONCRETO 50X50 CM
2025,378,SS,1168902,Mejoramiento Urbano UNAULA Cr 55A Cl 49A,,"Tubo PVC 2""",14,,TUBO PVC 2,"Tablas 1 al 392_2025.pdf, pagina 378",SIN CODIGO|TUBO PVC 2
2026,69,SS,1105444,Parques del Rio Norte Carrera 52 entre Calles 105AA y 109A,,"Tubería PVC Tipo DB 3x2"" (ml)",1800,,TUBERIA PVC TIPO DB 3X2 ML,"UCAP EN VALIDACION DE APROBACION_2026.pdf, pagina 69",SIN CODIGO|TUBERIA PVC TIPO DB 3X2 ML
2026,69,SS,1105444,Parques del Rio Norte Carrera 52 entre Calles 105AA y 109A,,Caja de Distribución - RS3-001/RS4-001 (Un),136,,CAJA DE DISTRIBUCION - RS3-001/RS4-001 UN,"UCAP EN VALIDACION DE APROBACION_2026.pdf, pagina 69",SIN CODIGO|CAJA DE DISTRIBUCION - RS3-001/RS4-001 UN
2026,69,SS,1105444,Parques del Rio Norte Carrera 52 entre Calles 105AA y 109A,,Caja metálica (Un),3,,CAJA METALICA UN,"UCAP EN VALIDACION DE APROBACION_2026.pdf, pagina 69",SIN CODIGO|CAJA METALICA UN
2026,69,SS,1105444,Parques del Rio Norte Carrera 52 entre Calles 105AA y 109A,,Bajante (Un),2,,BAJANTE UN,"UCAP EN VALIDACION DE APROBACION_2026.pdf, pagina 69",SIN CODIGO|BAJANTE UN
2026,107,SS,1349122,SMAP-CIV-167-26 CL 58 D CR 92 A -186,,RETIRO CRUCETA 2400MM,,8,RETIRO CRUCETA 2400MM,"UCAP EN VALIDACION DE APROBACION_2026.pdf, pagina 107",SIN CODIGO|RETIRO CRUCETA 2400MM
2026,107,SS,1349122,SMAP-CIV-167-26 CL 58 D CR 92 A -186,,"PUNTA CAPTADORA FRANKLIN 3/4""",8,,PUNTA CAPTADORA FRANKLIN 3/4,"UCAP EN VALIDACION DE APROBACION_2026.pdf, pagina 107",SIN CODIGO|PUNTA CAPTADORA FRANKLIN 3/4
2026,107,SS,1349122,SMAP-CIV-167-26 CL 58 D CR 92 A -186,,RETIRO CABLE ENCAUCHETADO 3X14 Cu,,50,RETIRO CABLE ENCAUCHETADO 3X14 CU,"UCAP EN VALIDACION DE APROBACION_2026.pdf, pagina 107",SIN CODIGO|RETIRO CABLE ENCAUCHETADO 3X14 CU
